Disease,Symptom_1,Symptom_2,Symptom_3,Symptom_4,Symptom_5,Symptom_6,Symptom_7,Symptom_8,Symptom_9,Symptom_10,Symptom_11,Symptom_12,Symptom_13,Symptom_14,Symptom_15,Symptom_16,Symptom_17
Dengue,eye_pain,joint_pain,fatigue,muscle_pain,headache,rash,,,,,,,,,,,
Dengue,muscle_pain,joint_pain,rash,fever,headache,,,,,,,,,,,,
Dengue,joint_pain,fever,eye_pain,fatigue,chills,,,,,,,,,,,,
Dengue,eye_pain,joint_pain,fever,nausea,fatigue,vomiting,headache,,,,,,,,,,
Dengue,joint_pain,eye_pain,headache,fatigue,chills,rash,muscle_pain,,,,,,,,,,
Dengue,chills,muscle_pain,eye_pain,joint_pain,nausea,rash,fatigue,,,,,,,,,,
Dengue,rash,muscle_pain,joint_pain,vomiting,fever,headache,chills,eye_pain,nausea,,,,,,,,
Dengue,rash,fever,vomiting,joint_pain,nausea,eye_pain,headache,,,,,,,,,,
Dengue,muscle_pain,fever,vomiting,nausea,eye_pain,,,,,,,,,,,,
Dengue,vomiting,fatigue,muscle_pain,headache,joint_pain,nausea,rash,fever,eye_pain,chills,,,,,,,
Dengue,chills,joint_pain,headache,fever,nausea,vomiting,,,,,,,,,,,
Dengue,fever,eye_pain,muscle_pain,nausea,joint_pain,chills,headache,,,,,,,,,,
Dengue,chills,vomiting,joint_pain,headache,muscle_pain,fatigue,fever,rash,eye_pain,,,,,,,,
Dengue,fever,joint_pain,nausea,vomiting,rash,muscle_pain,headache,,,,,,,,,,
Dengue,fatigue,fever,headache,nausea,vomiting,joint_pain,chills,,,,,,,,,,
Dengue,nausea,joint_pain,fatigue,fever,vomiting,rash,eye_pain,headache,muscle_pain,,,,,,,,
Dengue,vomiting,chills,rash,nausea,headache,eye_pain,joint_pain,,,,,,,,,,
Dengue,nausea,vomiting,fatigue,muscle_pain,headache,rash,,,,,,,,,,,
Dengue,chills,joint_pain,rash,eye_pain,,,,,,,,,,,,,
Dengue,eye_pain,joint_pain,muscle_pain,fatigue,vomiting,headache,,,,,,,,,,,
Dengue,nausea,chills,vomiting,headache,joint_pain,fatigue,,,,,,,,,,,
Dengue,muscle_pain,fever,vomiting,headache,eye_pain,,,,,,,,,,,,
Dengue,chills,eye_pain,fatigue,rash,joint_pain,muscle_pain,headache,vomiting,nausea,fever,,,,,,,
Dengue,joint_pain,nausea,rash,eye_pain,vomiting,headache,fatigue,chills,fever,muscle_pain,,,,,,,
Dengue,eye_pain,muscle_pain,nausea,fatigue,joint_pain,,,,,,,,,,,,
Dengue,fever,chills,fatigue,headache,rash,eye_pain,,,,,,,,,,,
Dengue,joint_pain,chills,nausea,vomiting,fever,muscle_pain,eye_pain,rash,headache,,,,,,,,
Dengue,rash,fever,muscle_pain,vomiting,nausea,headache,joint_pain,eye_pain,fatigue,chills,,,,,,,
Dengue,chills,joint_pain,nausea,eye_pain,rash,fatigue,vomiting,,,,,,,,,,
Dengue,joint_pain,vomiting,chills,rash,nausea,fatigue,muscle_pain,headache,eye_pain,,,,,,,,
Malaria,sweating,fatigue,headache,chills,muscle_pain,anemia,fever,nausea,vomiting,shivering,,,,,,,
Malaria,chills,muscle_pain,fever,sweating,,,,,,,,,,,,,
Malaria,muscle_pain,chills,sweating,fever,headache,,,,,,,,,,,,
Malaria,anemia,muscle_pain,fever,nausea,shivering,,,,,,,,,,,,
Malaria,fever,headache,vomiting,anemia,chills,fatigue,,,,,,,,,,,
Malaria,muscle_pain,chills,shivering,headache,,,,,,,,,,,,,
Malaria,shivering,chills,sweating,headache,muscle_pain,fatigue,,,,,,,,,,,
Malaria,sweating,fever,vomiting,shivering,chills,muscle_pain,fatigue,nausea,,,,,,,,,
Malaria,anemia,fever,fatigue,nausea,sweating,shivering,,,,,,,,,,,
Malaria,chills,shivering,vomiting,muscle_pain,fatigue,fever,anemia,,,,,,,,,,
Malaria,vomiting,fatigue,shivering,anemia,muscle_pain,headache,sweating,,,,,,,,,,
Malaria,headache,fatigue,vomiting,fever,,,,,,,,,,,,,
Malaria,nausea,shivering,chills,vomiting,,,,,,,,,,,,,
Malaria,headache,muscle_pain,sweating,fever,chills,vomiting,nausea,shivering,fatigue,anemia,,,,,,,
Malaria,chills,sweating,headache,fever,fatigue,nausea,,,,,,,,,,,
Malaria,nausea,sweating,fever,shivering,,,,,,,,,,,,,
Malaria,anemia,fever,vomiting,fatigue,chills,,,,,,,,,,,,
Malaria,headache,anemia,vomiting,chills,sweating,fatigue,nausea,shivering,,,,,,,,,
Malaria,fever,muscle_pain,shivering,fatigue,sweating,,,,,,,,,,,,
Malaria,fatigue,chills,sweating,fever,,,,,,,,,,,,,
Malaria,muscle_pain,shivering,headache,vomiting,fatigue,nausea,,,,,,,,,,,
Malaria,vomiting,anemia,sweating,shivering,fever,nausea,,,,,,,,,,,
Malaria,vomiting,chills,shivering,sweating,headache,nausea,fatigue,,,,,,,,,,
Malaria,fever,nausea,chills,vomiting,anemia,shivering,headache,sweating,fatigue,muscle_pain,,,,,,,
Malaria,anemia,nausea,sweating,shivering,,,,,,,,,,,,,
Malaria,fatigue,shivering,sweating,muscle_pain,,,,,,,,,,,,,
Malaria,muscle_pain,fatigue,sweating,fever,anemia,chills,nausea,,,,,,,,,,
Malaria,chills,headache,vomiting,muscle_pain,shivering,nausea,sweating,fatigue,,,,,,,,,
Malaria,fatigue,anemia,vomiting,chills,muscle_pain,headache,nausea,,,,,,,,,,
Malaria,chills,anemia,shivering,nausea,muscle_pain,sweating,,,,,,,,,,,
Typhoid,nausea,rash,loss_of_appetite,fever,headache,,,,,,,,,,,,
Typhoid,constipation,abdominal_pain,nausea,fatigue,,,,,,,,,,,,,
Typhoid,headache,weakness,fever,fatigue,abdominal_pain,diarrhea,nausea,rash,loss_of_appetite,constipation,,,,,,,
Typhoid,abdominal_pain,fever,loss_of_appetite,diarrhea,nausea,fatigue,headache,rash,,,,,,,,,
Typhoid,nausea,fatigue,weakness,fever,loss_of_appetite,headache,constipation,rash,diarrhea,,,,,,,,
Typhoid,loss_of_appetite,nausea,weakness,fever,fatigue,headache,abdominal_pain,constipation,diarrhea,rash,,,,,,,
Typhoid,abdominal_pain,weakness,rash,fatigue,fever,diarrhea,headache,,,,,,,,,,
Typhoid,abdominal_pain,rash,fatigue,headache,weakness,diarrhea,fever,,,,,,,,,,
Typhoid,headache,loss_of_appetite,nausea,constipation,,,,,,,,,,,,,
Typhoid,constipation,nausea,loss_of_appetite,weakness,fever,,,,,,,,,,,,
Typhoid,weakness,loss_of_appetite,nausea,fever,,,,,,,,,,,,,
Typhoid,constipation,nausea,loss_of_appetite,abdominal_pain,,,,,,,,,,,,,
Typhoid,fatigue,constipation,diarrhea,fever,,,,,,,,,,,,,
Typhoid,fatigue,constipation,loss_of_appetite,weakness,fever,rash,nausea,diarrhea,abdominal_pain,,,,,,,,
Typhoid,loss_of_appetite,fatigue,nausea,headache,,,,,,,,,,,,,
Typhoid,headache,nausea,fever,abdominal_pain,rash,loss_of_appetite,constipation,weakness,fatigue,,,,,,,,
Typhoid,weakness,nausea,headache,diarrhea,constipation,rash,abdominal_pain,fever,loss_of_appetite,,,,,,,,
Typhoid,diarrhea,nausea,rash,headache,fever,weakness,constipation,fatigue,abdominal_pain,,,,,,,,
Typhoid,fever,headache,loss_of_appetite,constipation,abdominal_pain,fatigue,,,,,,,,,,,
Typhoid,nausea,weakness,fever,headache,diarrhea,rash,abdominal_pain,,,,,,,,,,
Typhoid,rash,diarrhea,loss_of_appetite,weakness,,,,,,,,,,,,,
Typhoid,abdominal_pain,headache,diarrhea,loss_of_appetite,fever,nausea,weakness,rash,fatigue,constipation,,,,,,,
Typhoid,constipation,headache,nausea,weakness,rash,fatigue,loss_of_appetite,,,,,,,,,,
Typhoid,headache,fatigue,nausea,abdominal_pain,weakness,constipation,rash,loss_of_appetite,diarrhea,fever,,,,,,,
Typhoid,diarrhea,loss_of_appetite,rash,headache,abdominal_pain,fatigue,fever,weakness,nausea,,,,,,,,
Typhoid,abdominal_pain,weakness,fatigue,fever,constipation,,,,,,,,,,,,
Typhoid,constipation,abdominal_pain,fever,rash,loss_of_appetite,diarrhea,fatigue,nausea,,,,,,,,,
Typhoid,fatigue,rash,nausea,fever,weakness,constipation,headache,loss_of_appetite,,,,,,,,,
Typhoid,fatigue,diarrhea,nausea,rash,abdominal_pain,loss_of_appetite,fever,constipation,,,,,,,,,
Typhoid,rash,headache,weakness,diarrhea,,,,,,,,,,,,,
COVID-19,fatigue,fever,loss_of_smell,loss_of_taste,sore_throat,,,,,,,,,,,,
COVID-19,sore_throat,fever,shortness_of_breath,cough,loss_of_taste,muscle_pain,,,,,,,,,,,
COVID-19,headache,sore_throat,shortness_of_breath,loss_of_smell,cough,loss_of_taste,,,,,,,,,,,
COVID-19,fatigue,shortness_of_breath,fever,cough,,,,,,,,,,,,,
COVID-19,shortness_of_breath,fever,cough,muscle_pain,sore_throat,headache,loss_of_smell,loss_of_taste,,,,,,,,,
COVID-19,muscle_pain,cough,fever,loss_of_smell,loss_of_taste,,,,,,,,,,,,
COVID-19,cough,fatigue,sore_throat,muscle_pain,,,,,,,,,,,,,
COVID-19,fatigue,headache,fever,shortness_of_breath,sore_throat,chills,loss_of_taste,muscle_pain,,,,,,,,,
COVID-19,chills,headache,muscle_pain,shortness_of_breath,cough,,,,,,,,,,,,
COVID-19,loss_of_smell,fatigue,sore_throat,cough,shortness_of_breath,muscle_pain,loss_of_taste,,,,,,,,,,
COVID-19,muscle_pain,sore_throat,loss_of_smell,chills,,,,,,,,,,,,,
COVID-19,sore_throat,fever,loss_of_taste,chills,muscle_pain,,,,,,,,,,,,
COVID-19,shortness_of_breath,muscle_pain,cough,fatigue,chills,loss_of_taste,sore_throat,,,,,,,,,,
COVID-19,fatigue,shortness_of_breath,fever,muscle_pain,cough,chills,headache,sore_throat,,,,,,,,,
COVID-19,loss_of_smell,headache,fatigue,chills,sore_throat,cough,loss_of_taste,,,,,,,,,,
COVID-19,cough,loss_of_smell,fatigue,loss_of_taste,sore_throat,chills,,,,,,,,,,,
COVID-19,loss_of_smell,cough,chills,fatigue,loss_of_taste,fever,shortness_of_breath,sore_throat,muscle_pain,headache,,,,,,,
COVID-19,muscle_pain,loss_of_smell,fatigue,shortness_of_breath,cough,chills,fever,,,,,,,,,,
COVID-19,muscle_pain,headache,loss_of_smell,chills,sore_throat,cough,loss_of_taste,,,,,,,,,,
COVID-19,headache,shortness_of_breath,loss_of_taste,cough,,,,,,,,,,,,,
COVID-19,loss_of_smell,shortness_of_breath,headache,sore_throat,fever,chills,,,,,,,,,,,
COVID-19,chills,cough,loss_of_smell,fever,shortness_of_breath,loss_of_taste,sore_throat,muscle_pain,fatigue,,,,,,,,
COVID-19,chills,loss_of_taste,fever,muscle_pain,sore_throat,loss_of_smell,cough,fatigue,headache,shortness_of_breath,,,,,,,
COVID-19,loss_of_taste,sore_throat,cough,shortness_of_breath,muscle_pain,headache,fatigue,,,,,,,,,,
COVID-19,muscle_pain,fatigue,shortness_of_breath,chills,headache,loss_of_smell,,,,,,,,,,,
COVID-19,loss_of_smell,fatigue,muscle_pain,shortness_of_breath,headache,cough,sore_throat,fever,,,,,,,,,
COVID-19,loss_of_smell,fever,loss_of_taste,muscle_pain,,,,,,,,,,,,,
COVID-19,fever,shortness_of_breath,fatigue,cough,,,,,,,,,,,,,
COVID-19,loss_of_smell,shortness_of_breath,muscle_pain,headache,chills,cough,loss_of_taste,fatigue,,,,,,,,,
COVID-19,shortness_of_breath,fatigue,muscle_pain,sore_throat,headache,chills,cough,,,,,,,,,,
Influenza,headache,sore_throat,chills,runny_nose,sneezing,,,,,,,,,,,,
Influenza,sore_throat,chills,muscle_pain,runny_nose,fatigue,body_aches,fever,,,,,,,,,,
Influenza,sneezing,sore_throat,cough,fever,body_aches,fatigue,chills,runny_nose,headache,,,,,,,,
Influenza,headache,cough,muscle_pain,sneezing,chills,fever,runny_nose,sore_throat,,,,,,,,,
Influenza,muscle_pain,cough,body_aches,fever,sore_throat,fatigue,,,,,,,,,,,
Influenza,cough,fatigue,headache,muscle_pain,fever,sore_throat,sneezing,chills,,,,,,,,,
Influenza,fever,muscle_pain,fatigue,sore_throat,sneezing,,,,,,,,,,,,
Influenza,headache,body_aches,cough,chills,fever,runny_nose,sneezing,,,,,,,,,,
Influenza,cough,fatigue,body_aches,runny_nose,headache,muscle_pain,,,,,,,,,,,
Influenza,fever,headache,fatigue,body_aches,cough,sneezing,muscle_pain,chills,runny_nose,,,,,,,,
Influenza,chills,runny_nose,muscle_pain,cough,headache,sneezing,fever,body_aches,sore_throat,fatigue,,,,,,,
Influenza,sore_throat,body_aches,fatigue,muscle_pain,cough,chills,runny_nose,sneezing,fever,,,,,,,,
Influenza,fatigue,muscle_pain,sneezing,headache,cough,fever,runny_nose,body_aches,,,,,,,,,
Influenza,sore_throat,cough,sneezing,body_aches,runny_nose,headache,muscle_pain,fatigue,fever,,,,,,,,
Influenza,muscle_pain,fatigue,runny_nose,body_aches,chills,headache,sneezing,,,,,,,,,,
Influenza,fatigue,sneezing,chills,headache,runny_nose,fever,muscle_pain,body_aches,cough,,,,,,,,
Influenza,sneezing,headache,muscle_pain,chills,sore_throat,,,,,,,,,,,,
Influenza,body_aches,sneezing,muscle_pain,headache,fever,cough,fatigue,chills,runny_nose,sore_throat,,,,,,,
Influenza,sneezing,sore_throat,body_aches,muscle_pain,runny_nose,,,,,,,,,,,,
Influenza,headache,fatigue,sore_throat,muscle_pain,cough,,,,,,,,,,,,
Influenza,runny_nose,body_aches,sneezing,muscle_pain,headache,chills,cough,sore_throat,fever,fatigue,,,,,,,
Influenza,fatigue,chills,runny_nose,fever,,,,,,,,,,,,,
Influenza,sore_throat,fever,sneezing,fatigue,headache,runny_nose,muscle_pain,cough,,,,,,,,,
Influenza,runny_nose,cough,muscle_pain,body_aches,,,,,,,,,,,,,
Influenza,chills,sneezing,body_aches,fatigue,sore_throat,,,,,,,,,,,,
Influenza,headache,sneezing,fatigue,body_aches,chills,runny_nose,fever,cough,sore_throat,muscle_pain,,,,,,,
Influenza,body_aches,fatigue,sneezing,headache,fever,chills,cough,,,,,,,,,,
Influenza,sore_throat,runny_nose,body_aches,fever,headache,sneezing,chills,muscle_pain,,,,,,,,,
Influenza,cough,sore_throat,body_aches,headache,chills,muscle_pain,sneezing,fatigue,,,,,,,,,
Influenza,cough,sore_throat,body_aches,headache,fatigue,chills,,,,,,,,,,,
Pneumonia,shortness_of_breath,fatigue,chills,cough,fever,,,,,,,,,,,,
Pneumonia,loss_of_appetite,sweating,chills,cough,nausea,fever,,,,,,,,,,,
Pneumonia,loss_of_appetite,fever,nausea,chest_pain,chills,fatigue,sweating,cough,shortness_of_breath,,,,,,,,
Pneumonia,chills,chest_pain,cough,fever,nausea,coughing_blood,fatigue,sweating,,,,,,,,,
Pneumonia,loss_of_appetite,coughing_blood,cough,shortness_of_breath,chills,sweating,chest_pain,fever,,,,,,,,,
Pneumonia,coughing_blood,chills,fever,nausea,shortness_of_breath,cough,loss_of_appetite,,,,,,,,,,
Pneumonia,chest_pain,sweating,cough,coughing_blood,fatigue,,,,,,,,,,,,
Pneumonia,fatigue,coughing_blood,sweating,cough,nausea,chest_pain,fever,loss_of_appetite,shortness_of_breath,,,,,,,,
Pneumonia,cough,loss_of_appetite,sweating,shortness_of_breath,chest_pain,fatigue,fever,nausea,chills,,,,,,,,
Pneumonia,nausea,cough,coughing_blood,shortness_of_breath,fatigue,,,,,,,,,,,,
Pneumonia,sweating,fatigue,nausea,fever,shortness_of_breath,cough,,,,,,,,,,,
Pneumonia,sweating,fever,fatigue,chest_pain,,,,,,,,,,,,,
Pneumonia,fever,loss_of_appetite,cough,chills,shortness_of_breath,,,,,,,,,,,,
Pneumonia,coughing_blood,fever,fatigue,loss_of_appetite,cough,nausea,chills,,,,,,,,,,
Pneumonia,loss_of_appetite,nausea,fatigue,coughing_blood,cough,shortness_of_breath,,,,,,,,,,,
Pneumonia,shortness_of_breath,loss_of_appetite,fatigue,chest_pain,coughing_blood,cough,nausea,,,,,,,,,,
Pneumonia,cough,chest_pain,sweating,shortness_of_breath,,,,,,,,,,,,,
Pneumonia,chills,sweating,chest_pain,coughing_blood,fatigue,shortness_of_breath,fever,nausea,loss_of_appetite,,,,,,,,
Pneumonia,nausea,chest_pain,loss_of_appetite,sweating,chills,cough,coughing_blood,fatigue,fever,shortness_of_breath,,,,,,,
Pneumonia,nausea,chest_pain,chills,coughing_blood,,,,,,,,,,,,,
Pneumonia,sweating,shortness_of_breath,loss_of_appetite,chills,fever,,,,,,,,,,,,
Pneumonia,chest_pain,coughing_blood,loss_of_appetite,chills,,,,,,,,,,,,,
Pneumonia,nausea,sweating,shortness_of_breath,chest_pain,coughing_blood,,,,,,,,,,,,
Pneumonia,fever,chills,nausea,loss_of_appetite,fatigue,chest_pain,sweating,,,,,,,,,,
Pneumonia,sweating,cough,fever,loss_of_appetite,,,,,,,,,,,,,
Pneumonia,chills,loss_of_appetite,shortness_of_breath,sweating,chest_pain,fatigue,nausea,fever,cough,coughing_blood,,,,,,,
Pneumonia,fever,chills,shortness_of_breath,chest_pain,fatigue,nausea,loss_of_appetite,,,,,,,,,,
Pneumonia,shortness_of_breath,loss_of_appetite,sweating,chills,fever,,,,,,,,,,,,
Pneumonia,chest_pain,nausea,shortness_of_breath,coughing_blood,sweating,,,,,,,,,,,,
Pneumonia,coughing_blood,chills,loss_of_appetite,sweating,cough,fever,nausea,shortness_of_breath,,,,,,,,,
Tuberculosis,cough,night_sweats,fatigue,fever,chest_pain,coughing_blood,loss_of_appetite,,,,,,,,,,
Tuberculosis,weakness,night_sweats,weight_loss,fatigue,shortness_of_breath,fever,coughing_blood,chest_pain,cough,,,,,,,,
Tuberculosis,fever,weight_loss,coughing_blood,chest_pain,shortness_of_breath,fatigue,loss_of_appetite,cough,,,,,,,,,
Tuberculosis,loss_of_appetite,cough,weakness,fever,weight_loss,fatigue,shortness_of_breath,coughing_blood,night_sweats,,,,,,,,
Tuberculosis,shortness_of_breath,weakness,coughing_blood,night_sweats,cough,fever,loss_of_appetite,,,,,,,,,,
Tuberculosis,chest_pain,weakness,night_sweats,coughing_blood,,,,,,,,,,,,,
Tuberculosis,night_sweats,fever,coughing_blood,chest_pain,weakness,,,,,,,,,,,,
Tuberculosis,fever,shortness_of_breath,chest_pain,weakness,weight_loss,cough,coughing_blood,fatigue,loss_of_appetite,night_sweats,,,,,,,
Tuberculosis,weakness,fatigue,cough,shortness_of_breath,weight_loss,,,,,,,,,,,,
Tuberculosis,fever,chest_pain,loss_of_appetite,coughing_blood,weakness,night_sweats,fatigue,,,,,,,,,,
Tuberculosis,cough,coughing_blood,weakness,fatigue,shortness_of_breath,chest_pain,weight_loss,loss_of_appetite,night_sweats,fever,,,,,,,
Tuberculosis,loss_of_appetite,fatigue,coughing_blood,fever,weight_loss,weakness,,,,,,,,,,,
Tuberculosis,night_sweats,loss_of_appetite,fever,fatigue,,,,,,,,,,,,,
Tuberculosis,fever,weakness,shortness_of_breath,coughing_blood,chest_pain,weight_loss,night_sweats,cough,fatigue,loss_of_appetite,,,,,,,
Tuberculosis,fever,fatigue,loss_of_appetite,shortness_of_breath,,,,,,,,,,,,,
Tuberculosis,cough,chest_pain,loss_of_appetite,weight_loss,night_sweats,shortness_of_breath,weakness,fatigue,fever,,,,,,,,
Tuberculosis,loss_of_appetite,cough,weight_loss,shortness_of_breath,night_sweats,,,,,,,,,,,,
Tuberculosis,weakness,fatigue,fever,weight_loss,coughing_blood,cough,night_sweats,,,,,,,,,,
Tuberculosis,cough,coughing_blood,shortness_of_breath,fever,chest_pain,weight_loss,night_sweats,weakness,loss_of_appetite,,,,,,,,
Tuberculosis,night_sweats,weakness,shortness_of_breath,coughing_blood,fever,weight_loss,fatigue,loss_of_appetite,cough,,,,,,,,
Tuberculosis,night_sweats,fatigue,fever,shortness_of_breath,loss_of_appetite,cough,weight_loss,coughing_blood,,,,,,,,,
Tuberculosis,shortness_of_breath,cough,loss_of_appetite,fever,fatigue,night_sweats,,,,,,,,,,,
Tuberculosis,fever,cough,weakness,fatigue,coughing_blood,shortness_of_breath,night_sweats,chest_pain,weight_loss,loss_of_appetite,,,,,,,
Tuberculosis,shortness_of_breath,fatigue,night_sweats,cough,,,,,,,,,,,,,
Tuberculosis,weight_loss,night_sweats,loss_of_appetite,chest_pain,coughing_blood,,,,,,,,,,,,
Tuberculosis,loss_of_appetite,fatigue,chest_pain,weakness,fever,coughing_blood,night_sweats,,,,,,,,,,
Tuberculosis,coughing_blood,night_sweats,weakness,fever,,,,,,,,,,,,,
Tuberculosis,weakness,cough,shortness_of_breath,loss_of_appetite,fever,fatigue,,,,,,,,,,,
Tuberculosis,night_sweats,chest_pain,shortness_of_breath,loss_of_appetite,fever,weight_loss,fatigue,coughing_blood,,,,,,,,,
Tuberculosis,weight_loss,shortness_of_breath,fever,coughing_blood,,,,,,,,,,,,,
Hepatitis B,jaundice,vomiting,abdominal_pain,loss_of_appetite,fever,dark_urine,joint_pain,rash,,,,,,,,,
Hepatitis B,dark_urine,jaundice,joint_pain,fatigue,nausea,rash,loss_of_appetite,,,,,,,,,,
Hepatitis B,jaundice,vomiting,fever,nausea,joint_pain,,,,,,,,,,,,
Hepatitis B,abdominal_pain,fatigue,vomiting,joint_pain,,,,,,,,,,,,,
Hepatitis B,fever,rash,loss_of_appetite,fatigue,vomiting,joint_pain,,,,,,,,,,,
Hepatitis B,abdominal_pain,fever,dark_urine,vomiting,,,,,,,,,,,,,
Hepatitis B,vomiting,fever,dark_urine,joint_pain,jaundice,nausea,,,,,,,,,,,
Hepatitis B,joint_pain,fatigue,vomiting,fever,rash,abdominal_pain,nausea,,,,,,,,,,
Hepatitis B,rash,loss_of_appetite,fever,joint_pain,jaundice,abdominal_pain,vomiting,,,,,,,,,,
Hepatitis B,loss_of_appetite,fever,fatigue,rash,dark_urine,abdominal_pain,joint_pain,vomiting,,,,,,,,,
Hepatitis B,jaundice,fatigue,abdominal_pain,vomiting,dark_urine,nausea,,,,,,,,,,,
Hepatitis B,loss_of_appetite,fatigue,vomiting,joint_pain,dark_urine,rash,nausea,abdominal_pain,,,,,,,,,
Hepatitis B,loss_of_appetite,dark_urine,jaundice,rash,fatigue,nausea,fever,vomiting,joint_pain,,,,,,,,
Hepatitis B,joint_pain,jaundice,vomiting,abdominal_pain,,,,,,,,,,,,,
Hepatitis B,loss_of_appetite,rash,dark_urine,joint_pain,jaundice,fever,vomiting,nausea,fatigue,abdominal_pain,,,,,,,
Hepatitis B,joint_pain,dark_urine,loss_of_appetite,rash,,,,,,,,,,,,,
Hepatitis B,loss_of_appetite,fatigue,jaundice,nausea,vomiting,rash,abdominal_pain,fever,,,,,,,,,
Hepatitis B,nausea,abdominal_pain,dark_urine,jaundice,fever,joint_pain,,,,,,,,,,,
Hepatitis B,nausea,loss_of_appetite,fever,joint_pain,rash,jaundice,vomiting,fatigue,dark_urine,,,,,,,,
Hepatitis B,nausea,abdominal_pain,vomiting,fatigue,dark_urine,jaundice,,,,,,,,,,,
Hepatitis B,fever,rash,vomiting,nausea,jaundice,abdominal_pain,loss_of_appetite,fatigue,dark_urine,joint_pain,,,,,,,
Hepatitis B,nausea,jaundice,dark_urine,fatigue,vomiting,,,,,,,,,,,,
Hepatitis B,fever,jaundice,joint_pain,vomiting,loss_of_appetite,fatigue,rash,nausea,abdominal_pain,dark_urine,,,,,,,
Hepatitis B,vomiting,nausea,rash,fever,dark_urine,jaundice,fatigue,loss_of_appetite,abdominal_pain,,,,,,,,
Hepatitis B,jaundice,fever,loss_of_appetite,dark_urine,joint_pain,abdominal_pain,,,,,,,,,,,
Hepatitis B,fever,abdominal_pain,vomiting,dark_urine,jaundice,fatigue,nausea,rash,loss_of_appetite,joint_pain,,,,,,,
Hepatitis B,nausea,loss_of_appetite,joint_pain,abdominal_pain,fatigue,jaundice,dark_urine,rash,fever,vomiting,,,,,,,
Hepatitis B,rash,dark_urine,vomiting,joint_pain,abdominal_pain,loss_of_appetite,nausea,,,,,,,,,,
Hepatitis B,fever,joint_pain,vomiting,rash,fatigue,loss_of_appetite,nausea,abdominal_pain,jaundice,,,,,,,,
Hepatitis B,joint_pain,fever,dark_urine,loss_of_appetite,,,,,,,,,,,,,
Hepatitis C,muscle_pain,jaundice,nausea,abdominal_pain,joint_pain,,,,,,,,,,,,
Hepatitis C,depression,dark_urine,loss_of_appetite,joint_pain,muscle_pain,fatigue,jaundice,abdominal_pain,,,,,,,,,
Hepatitis C,fatigue,muscle_pain,dark_urine,loss_of_appetite,fever,abdominal_pain,depression,,,,,,,,,,
Hepatitis C,joint_pain,jaundice,depression,abdominal_pain,nausea,,,,,,,,,,,,
Hepatitis C,depression,loss_of_appetite,fatigue,nausea,muscle_pain,joint_pain,,,,,,,,,,,
Hepatitis C,jaundice,fever,abdominal_pain,depression,loss_of_appetite,,,,,,,,,,,,
Hepatitis C,muscle_pain,fever,fatigue,abdominal_pain,,,,,,,,,,,,,
Hepatitis C,muscle_pain,loss_of_appetite,dark_urine,abdominal_pain,jaundice,fever,fatigue,joint_pain,nausea,depression,,,,,,,
Hepatitis C,fever,abdominal_pain,depression,dark_urine,,,,,,,,,,,,,
Hepatitis C,abdominal_pain,joint_pain,depression,dark_urine,nausea,jaundice,muscle_pain,loss_of_appetite,fever,,,,,,,,
Hepatitis C,loss_of_appetite,abdominal_pain,depression,nausea,fever,joint_pain,,,,,,,,,,,
Hepatitis C,joint_pain,jaundice,abdominal_pain,nausea,fever,muscle_pain,dark_urine,,,,,,,,,,
Hepatitis C,fatigue,jaundice,nausea,abdominal_pain,,,,,,,,,,,,,
Hepatitis C,depression,joint_pain,nausea,loss_of_appetite,,,,,,,,,,,,,
Hepatitis C,joint_pain,depression,abdominal_pain,muscle_pain,nausea,,,,,,,,,,,,
Hepatitis C,loss_of_appetite,fatigue,fever,dark_urine,jaundice,joint_pain,,,,,,,,,,,
Hepatitis C,fever,abdominal_pain,depression,loss_of_appetite,joint_pain,jaundice,fatigue,dark_urine,,,,,,,,,
Hepatitis C,dark_urine,muscle_pain,joint_pain,depression,fever,jaundice,loss_of_appetite,,,,,,,,,,
Hepatitis C,fever,jaundice,fatigue,abdominal_pain,depression,,,,,,,,,,,,
Hepatitis C,jaundice,depression,fever,abdominal_pain,nausea,,,,,,,,,,,,
Hepatitis C,muscle_pain,fever,depression,nausea,joint_pain,loss_of_appetite,abdominal_pain,jaundice,dark_urine,,,,,,,,
Hepatitis C,nausea,muscle_pain,depression,fatigue,loss_of_appetite,fever,,,,,,,,,,,
Hepatitis C,muscle_pain,joint_pain,fatigue,fever,,,,,,,,,,,,,
Hepatitis C,dark_urine,depression,abdominal_pain,fever,,,,,,,,,,,,,
Hepatitis C,fatigue,joint_pain,fever,jaundice,muscle_pain,dark_urine,nausea,loss_of_appetite,abdominal_pain,depression,,,,,,,
Hepatitis C,joint_pain,fever,jaundice,loss_of_appetite,nausea,fatigue,,,,,,,,,,,
Hepatitis C,abdominal_pain,muscle_pain,jaundice,dark_urine,fatigue,nausea,joint_pain,loss_of_appetite,,,,,,,,,
Hepatitis C,abdominal_pain,joint_pain,depression,dark_urine,loss_of_appetite,nausea,muscle_pain,fever,fatigue,,,,,,,,
Hepatitis C,dark_urine,muscle_pain,abdominal_pain,depression,fever,loss_of_appetite,joint_pain,,,,,,,,,,
Hepatitis C,depression,nausea,jaundice,muscle_pain,joint_pain,fever,fatigue,loss_of_appetite,,,,,,,,,
Diabetes,tingling,hunger,frequent_urination,blurred_vision,weight_loss,nausea,headache,slow_healing,excessive_thirst,,,,,,,,
Diabetes,hunger,fatigue,frequent_urination,excessive_thirst,,,,,,,,,,,,,
Diabetes,headache,slow_healing,excessive_thirst,frequent_urination,weight_loss,nausea,fatigue,hunger,tingling,blurred_vision,,,,,,,
Diabetes,weight_loss,tingling,blurred_vision,excessive_thirst,slow_healing,nausea,frequent_urination,hunger,headache,,,,,,,,
Diabetes,blurred_vision,weight_loss,hunger,headache,nausea,tingling,slow_healing,frequent_urination,fatigue,,,,,,,,
Diabetes,nausea,hunger,weight_loss,tingling,slow_healing,fatigue,frequent_urination,,,,,,,,,,
Diabetes,slow_healing,tingling,frequent_urination,weight_loss,excessive_thirst,hunger,fatigue,headache,blurred_vision,nausea,,,,,,,
Diabetes,weight_loss,blurred_vision,tingling,excessive_thirst,hunger,frequent_urination,nausea,fatigue,slow_healing,,,,,,,,
Diabetes,headache,hunger,weight_loss,nausea,,,,,,,,,,,,,
Diabetes,tingling,frequent_urination,fatigue,weight_loss,hunger,nausea,blurred_vision,headache,slow_healing,,,,,,,,
Diabetes,tingling,hunger,weight_loss,frequent_urination,headache,excessive_thirst,slow_healing,blurred_vision,,,,,,,,,
Diabetes,excessive_thirst,blurred_vision,hunger,weight_loss,frequent_urination,slow_healing,headache,nausea,,,,,,,,,
Diabetes,nausea,excessive_thirst,blurred_vision,weight_loss,,,,,,,,,,,,,
Diabetes,excessive_thirst,hunger,frequent_urination,slow_healing,headache,blurred_vision,nausea,tingling,weight_loss,,,,,,,,
Diabetes,nausea,blurred_vision,tingling,slow_healing,hunger,headache,fatigue,excessive_thirst,,,,,,,,,
Diabetes,weight_loss,tingling,headache,excessive_thirst,slow_healing,nausea,fatigue,hunger,frequent_urination,blurred_vision,,,,,,,
Diabetes,hunger,blurred_vision,nausea,fatigue,headache,frequent_urination,tingling,weight_loss,slow_healing,,,,,,,,
Diabetes,tingling,fatigue,hunger,frequent_urination,excessive_thirst,blurred_vision,,,,,,,,,,,
Diabetes,excessive_thirst,weight_loss,nausea,slow_healing,frequent_urination,tingling,fatigue,headache,blurred_vision,hunger,,,,,,,
Diabetes,tingling,blurred_vision,frequent_urination,hunger,slow_healing,weight_loss,fatigue,,,,,,,,,,
Diabetes,weight_loss,fatigue,hunger,nausea,slow_healing,headache,,,,,,,,,,,
Diabetes,blurred_vision,hunger,excessive_thirst,fatigue,tingling,frequent_urination,,,,,,,,,,,
Diabetes,weight_loss,fatigue,tingling,frequent_urination,blurred_vision,nausea,excessive_thirst,hunger,headache,slow_healing,,,,,,,
Diabetes,excessive_thirst,weight_loss,nausea,blurred_vision,headache,tingling,hunger,,,,,,,,,,
Diabetes,headache,excessive_thirst,blurred_vision,slow_healing,weight_loss,frequent_urination,,,,,,,,,,,
Diabetes,nausea,blurred_vision,hunger,frequent_urination,weight_loss,headache,excessive_thirst,tingling,fatigue,,,,,,,,
Diabetes,fatigue,blurred_vision,tingling,slow_healing,headache,weight_loss,nausea,excessive_thirst,,,,,,,,,
Diabetes,blurred_vision,weight_loss,headache,fatigue,,,,,,,,,,,,,
Diabetes,tingling,frequent_urination,headache,hunger,slow_healing,excessive_thirst,nausea,weight_loss,blurred_vision,fatigue,,,,,,,
Diabetes,frequent_urination,blurred_vision,slow_healing,fatigue,excessive_thirst,weight_loss,hunger,,,,,,,,,,
Hypertension,nosebleed,flushing,nausea,fatigue,dizziness,heart_palpitations,headache,,,,,,,,,,
Hypertension,flushing,nausea,headache,heart_palpitations,chest_pain,blurred_vision,dizziness,fatigue,shortness_of_breath,,,,,,,,
Hypertension,nausea,flushing,dizziness,nosebleed,,,,,,,,,,,,,
Hypertension,heart_palpitations,blurred_vision,fatigue,flushing,shortness_of_breath,nausea,,,,,,,,,,,
Hypertension,nosebleed,fatigue,flushing,shortness_of_breath,heart_palpitations,dizziness,headache,chest_pain,nausea,,,,,,,,
Hypertension,headache,heart_palpitations,blurred_vision,shortness_of_breath,dizziness,nausea,chest_pain,nosebleed,fatigue,flushing,,,,,,,
Hypertension,headache,flushing,shortness_of_breath,dizziness,,,,,,,,,,,,,
Hypertension,nosebleed,headache,heart_palpitations,chest_pain,fatigue,shortness_of_breath,blurred_vision,flushing,dizziness,nausea,,,,,,,
Hypertension,dizziness,nausea,flushing,nosebleed,fatigue,,,,,,,,,,,,
Hypertension,heart_palpitations,flushing,shortness_of_breath,dizziness,chest_pain,nosebleed,,,,,,,,,,,
Hypertension,headache,fatigue,flushing,heart_palpitations,nausea,,,,,,,,,,,,
Hypertension,chest_pain,headache,flushing,dizziness,shortness_of_breath,nausea,fatigue,,,,,,,,,,
Hypertension,blurred_vision,chest_pain,fatigue,nosebleed,shortness_of_breath,,,,,,,,,,,,
Hypertension,nausea,flushing,chest_pain,dizziness,fatigue,heart_palpitations,headache,nosebleed,blurred_vision,,,,,,,,
Hypertension,dizziness,flushing,chest_pain,heart_palpitations,blurred_vision,nausea,shortness_of_breath,,,,,,,,,,
Hypertension,flushing,headache,heart_palpitations,blurred_vision,dizziness,shortness_of_breath,nosebleed,chest_pain,nausea,fatigue,,,,,,,
Hypertension,headache,heart_palpitations,nausea,blurred_vision,fatigue,chest_pain,dizziness,flushing,nosebleed,,,,,,,,
Hypertension,blurred_vision,flushing,nausea,nosebleed,,,,,,,,,,,,,
Hypertension,nosebleed,headache,shortness_of_breath,chest_pain,nausea,dizziness,flushing,,,,,,,,,,
Hypertension,fatigue,nausea,chest_pain,headache,heart_palpitations,dizziness,flushing,,,,,,,,,,
Hypertension,blurred_vision,flushing,heart_palpitations,chest_pain,,,,,,,,,,,,,
Hypertension,shortness_of_breath,headache,chest_pain,flushing,heart_palpitations,dizziness,blurred_vision,nausea,fatigue,nosebleed,,,,,,,
Hypertension,heart_palpitations,nosebleed,dizziness,nausea,flushing,,,,,,,,,,,,
Hypertension,flushing,fatigue,shortness_of_breath,dizziness,headache,chest_pain,blurred_vision,,,,,,,,,,
Hypertension,headache,shortness_of_breath,flushing,nosebleed,,,,,,,,,,,,,
Hypertension,blurred_vision,shortness_of_breath,heart_palpitations,chest_pain,flushing,,,,,,,,,,,,
Hypertension,shortness_of_breath,fatigue,flushing,headache,nosebleed,blurred_vision,heart_palpitations,dizziness,,,,,,,,,
Hypertension,chest_pain,nosebleed,flushing,nausea,,,,,,,,,,,,,
Hypertension,fatigue,headache,nosebleed,chest_pain,blurred_vision,shortness_of_breath,,,,,,,,,,,
Hypertension,nausea,heart_palpitations,dizziness,blurred_vision,,,,,,,,,,,,,
Migraine,sound_sensitivity,headache,fatigue,neck_pain,eye_pain,dizziness,light_sensitivity,visual_disturbances,vomiting,,,,,,,,
Migraine,eye_pain,dizziness,light_sensitivity,fatigue,visual_disturbances,neck_pain,,,,,,,,,,,
Migraine,headache,light_sensitivity,vomiting,visual_disturbances,dizziness,nausea,,,,,,,,,,,
Migraine,nausea,headache,neck_pain,visual_disturbances,light_sensitivity,eye_pain,,,,,,,,,,,
Migraine,vomiting,dizziness,fatigue,light_sensitivity,visual_disturbances,,,,,,,,,,,,
Migraine,vomiting,fatigue,light_sensitivity,neck_pain,sound_sensitivity,dizziness,,,,,,,,,,,
Migraine,visual_disturbances,vomiting,dizziness,headache,light_sensitivity,fatigue,sound_sensitivity,,,,,,,,,,
Migraine,fatigue,visual_disturbances,vomiting,eye_pain,headache,light_sensitivity,,,,,,,,,,,
Migraine,fatigue,eye_pain,sound_sensitivity,headache,dizziness,,,,,,,,,,,,
Migraine,eye_pain,nausea,headache,sound_sensitivity,dizziness,vomiting,light_sensitivity,fatigue,visual_disturbances,,,,,,,,
Migraine,sound_sensitivity,nausea,dizziness,neck_pain,light_sensitivity,fatigue,,,,,,,,,,,
Migraine,neck_pain,dizziness,eye_pain,visual_disturbances,light_sensitivity,nausea,sound_sensitivity,vomiting,,,,,,,,,
Migraine,vomiting,nausea,visual_disturbances,dizziness,eye_pain,neck_pain,light_sensitivity,headache,sound_sensitivity,,,,,,,,
Migraine,sound_sensitivity,vomiting,neck_pain,visual_disturbances,fatigue,nausea,headache,eye_pain,light_sensitivity,dizziness,,,,,,,
Migraine,dizziness,vomiting,neck_pain,fatigue,nausea,eye_pain,visual_disturbances,sound_sensitivity,headache,,,,,,,,
Migraine,neck_pain,sound_sensitivity,light_sensitivity,headache,,,,,,,,,,,,,
Migraine,light_sensitivity,vomiting,sound_sensitivity,eye_pain,,,,,,,,,,,,,
Migraine,vomiting,eye_pain,neck_pain,nausea,headache,dizziness,visual_disturbances,,,,,,,,,,
Migraine,eye_pain,light_sensitivity,vomiting,headache,neck_pain,nausea,,,,,,,,,,,
Migraine,nausea,visual_disturbances,vomiting,neck_pain,fatigue,headache,light_sensitivity,eye_pain,dizziness,,,,,,,,
Migraine,nausea,visual_disturbances,fatigue,eye_pain,,,,,,,,,,,,,
Migraine,dizziness,light_sensitivity,sound_sensitivity,nausea,headache,eye_pain,vomiting,fatigue,neck_pain,,,,,,,,
Migraine,eye_pain,sound_sensitivity,neck_pain,headache,vomiting,fatigue,dizziness,visual_disturbances,,,,,,,,,
Migraine,vomiting,light_sensitivity,neck_pain,sound_sensitivity,visual_disturbances,dizziness,eye_pain,,,,,,,,,,
Migraine,vomiting,light_sensitivity,dizziness,fatigue,nausea,,,,,,,,,,,,
Migraine,vomiting,sound_sensitivity,visual_disturbances,light_sensitivity,neck_pain,nausea,,,,,,,,,,,
Migraine,headache,eye_pain,nausea,vomiting,neck_pain,sound_sensitivity,visual_disturbances,,,,,,,,,,
Migraine,vomiting,eye_pain,nausea,dizziness,light_sensitivity,visual_disturbances,sound_sensitivity,headache,fatigue,,,,,,,,
Migraine,dizziness,light_sensitivity,headache,nausea,fatigue,eye_pain,,,,,,,,,,,
Migraine,neck_pain,eye_pain,fatigue,sound_sensitivity,nausea,light_sensitivity,,,,,,,,,,,
Asthma,mucus_production,chest_tightness,fatigue,exercise_intolerance,anxiety,wheezing,shortness_of_breath,coughing_at_night,cough,sleep_disturbance,,,,,,,
Asthma,fatigue,shortness_of_breath,chest_tightness,exercise_intolerance,wheezing,sleep_disturbance,coughing_at_night,anxiety,mucus_production,cough,,,,,,,
Asthma,cough,shortness_of_breath,fatigue,wheezing,mucus_production,coughing_at_night,chest_tightness,,,,,,,,,,
Asthma,chest_tightness,coughing_at_night,mucus_production,fatigue,exercise_intolerance,anxiety,shortness_of_breath,cough,,,,,,,,,
Asthma,sleep_disturbance,exercise_intolerance,anxiety,chest_tightness,wheezing,fatigue,cough,coughing_at_night,,,,,,,,,
Asthma,coughing_at_night,anxiety,sleep_disturbance,chest_tightness,exercise_intolerance,cough,wheezing,,,,,,,,,,
Asthma,wheezing,exercise_intolerance,anxiety,mucus_production,chest_tightness,cough,coughing_at_night,shortness_of_breath,sleep_disturbance,fatigue,,,,,,,
Asthma,cough,chest_tightness,wheezing,fatigue,anxiety,exercise_intolerance,sleep_disturbance,,,,,,,,,,
Asthma,cough,wheezing,sleep_disturbance,shortness_of_breath,anxiety,exercise_intolerance,fatigue,mucus_production,,,,,,,,,
Asthma,wheezing,sleep_disturbance,fatigue,coughing_at_night,cough,mucus_production,exercise_intolerance,chest_tightness,shortness_of_breath,,,,,,,,
Asthma,wheezing,exercise_intolerance,cough,anxiety,shortness_of_breath,coughing_at_night,fatigue,sleep_disturbance,mucus_production,chest_tightness,,,,,,,
Asthma,fatigue,wheezing,chest_tightness,exercise_intolerance,shortness_of_breath,coughing_at_night,mucus_production,cough,,,,,,,,,
Asthma,wheezing,sleep_disturbance,mucus_production,anxiety,coughing_at_night,chest_tightness,cough,fatigue,exercise_intolerance,shortness_of_breath,,,,,,,
Asthma,wheezing,chest_tightness,exercise_intolerance,cough,,,,,,,,,,,,,
Asthma,chest_tightness,fatigue,wheezing,sleep_disturbance,exercise_intolerance,mucus_production,cough,anxiety,coughing_at_night,,,,,,,,
Asthma,sleep_disturbance,chest_tightness,anxiety,exercise_intolerance,fatigue,shortness_of_breath,mucus_production,wheezing,cough,coughing_at_night,,,,,,,
Asthma,coughing_at_night,anxiety,chest_tightness,shortness_of_breath,wheezing,,,,,,,,,,,,
Asthma,sleep_disturbance,mucus_production,shortness_of_breath,exercise_intolerance,chest_tightness,anxiety,coughing_at_night,wheezing,,,,,,,,,
Asthma,wheezing,sleep_disturbance,coughing_at_night,chest_tightness,anxiety,,,,,,,,,,,,
Asthma,chest_tightness,mucus_production,shortness_of_breath,coughing_at_night,wheezing,exercise_intolerance,cough,fatigue,sleep_disturbance,anxiety,,,,,,,
Asthma,fatigue,wheezing,shortness_of_breath,anxiety,cough,sleep_disturbance,coughing_at_night,chest_tightness,exercise_intolerance,,,,,,,,
Asthma,fatigue,anxiety,exercise_intolerance,mucus_production,,,,,,,,,,,,,
Asthma,wheezing,coughing_at_night,chest_tightness,exercise_intolerance,fatigue,,,,,,,,,,,,
Asthma,mucus_production,anxiety,shortness_of_breath,sleep_disturbance,cough,coughing_at_night,,,,,,,,,,,
Asthma,chest_tightness,fatigue,exercise_intolerance,coughing_at_night,,,,,,,,,,,,,
Asthma,shortness_of_breath,anxiety,wheezing,fatigue,sleep_disturbance,exercise_intolerance,coughing_at_night,cough,chest_tightness,mucus_production,,,,,,,
Asthma,coughing_at_night,anxiety,sleep_disturbance,mucus_production,chest_tightness,fatigue,cough,wheezing,,,,,,,,,
Asthma,coughing_at_night,anxiety,wheezing,mucus_production,fatigue,exercise_intolerance,chest_tightness,shortness_of_breath,sleep_disturbance,,,,,,,,
Asthma,mucus_production,shortness_of_breath,coughing_at_night,wheezing,exercise_intolerance,chest_tightness,cough,sleep_disturbance,,,,,,,,,
Asthma,cough,exercise_intolerance,fatigue,anxiety,mucus_production,wheezing,sleep_disturbance,shortness_of_breath,coughing_at_night,chest_tightness,,,,,,,
Chickenpox,loss_of_appetite,blisters,itching,fatigue,,,,,,,,,,,,,
Chickenpox,fever,loss_of_appetite,fatigue,scabs,itching,,,,,,,,,,,,
Chickenpox,headache,fatigue,itching,loss_of_appetite,fever,scabs,,,,,,,,,,,
Chickenpox,blisters,rash,itching,loss_of_appetite,sore_throat,,,,,,,,,,,,
Chickenpox,fever,rash,headache,muscle_pain,,,,,,,,,,,,,
Chickenpox,fatigue,blisters,fever,scabs,rash,itching,loss_of_appetite,,,,,,,,,,
Chickenpox,fever,blisters,loss_of_appetite,fatigue,rash,sore_throat,,,,,,,,,,,
Chickenpox,scabs,loss_of_appetite,itching,fever,,,,,,,,,,,,,
Chickenpox,headache,scabs,loss_of_appetite,sore_throat,,,,,,,,,,,,,
Chickenpox,rash,fatigue,sore_throat,blisters,fever,muscle_pain,itching,scabs,loss_of_appetite,headache,,,,,,,
Chickenpox,loss_of_appetite,headache,itching,fatigue,rash,fever,scabs,muscle_pain,blisters,sore_throat,,,,,,,
Chickenpox,itching,muscle_pain,loss_of_appetite,headache,rash,scabs,fatigue,,,,,,,,,,
Chickenpox,fever,itching,fatigue,rash,sore_throat,muscle_pain,scabs,loss_of_appetite,,,,,,,,,
Chickenpox,itching,loss_of_appetite,fever,fatigue,sore_throat,,,,,,,,,,,,
Chickenpox,blisters,fatigue,fever,muscle_pain,rash,headache,sore_throat,scabs,itching,loss_of_appetite,,,,,,,
Chickenpox,sore_throat,loss_of_appetite,scabs,fatigue,blisters,fever,rash,itching,muscle_pain,,,,,,,,
Chickenpox,headache,sore_throat,fever,fatigue,muscle_pain,rash,loss_of_appetite,,,,,,,,,,
Chickenpox,headache,blisters,loss_of_appetite,fever,muscle_pain,,,,,,,,,,,,
Chickenpox,blisters,itching,loss_of_appetite,fatigue,muscle_pain,fever,scabs,rash,headache,,,,,,,,
Chickenpox,blisters,fatigue,itching,fever,muscle_pain,headache,scabs,rash,loss_of_appetite,sore_throat,,,,,,,
Chickenpox,itching,sore_throat,fatigue,fever,loss_of_appetite,headache,scabs,muscle_pain,blisters,,,,,,,,
Chickenpox,fatigue,rash,itching,blisters,sore_throat,loss_of_appetite,,,,,,,,,,,
Chickenpox,rash,fever,blisters,loss_of_appetite,,,,,,,,,,,,,
Chickenpox,headache,blisters,fever,fatigue,rash,muscle_pain,loss_of_appetite,sore_throat,,,,,,,,,
Chickenpox,fatigue,sore_throat,muscle_pain,headache,fever,scabs,itching,,,,,,,,,,
Chickenpox,sore_throat,scabs,muscle_pain,loss_of_appetite,,,,,,,,,,,,,
Chickenpox,scabs,itching,blisters,muscle_pain,,,,,,,,,,,,,
Chickenpox,itching,rash,fatigue,blisters,muscle_pain,,,,,,,,,,,,
Chickenpox,scabs,headache,loss_of_appetite,sore_throat,itching,rash,fatigue,muscle_pain,fever,,,,,,,,
Chickenpox,fatigue,loss_of_appetite,itching,fever,,,,,,,,,,,,,
Common Cold,cough,mild_fever,runny_nose,sneezing,,,,,,,,,,,,,
Common Cold,congestion,mild_fever,runny_nose,cough,headache,sore_throat,mild_body_aches,,,,,,,,,,
Common Cold,mild_body_aches,sore_throat,runny_nose,mild_fever,sneezing,cough,watery_eyes,congestion,headache,,,,,,,,
Common Cold,mild_body_aches,cough,runny_nose,headache,sneezing,sore_throat,mild_fever,congestion,watery_eyes,fatigue,,,,,,,
Common Cold,mild_fever,runny_nose,headache,watery_eyes,fatigue,congestion,,,,,,,,,,,
Common Cold,mild_fever,runny_nose,mild_body_aches,congestion,cough,sore_throat,,,,,,,,,,,
Common Cold,fatigue,mild_body_aches,sore_throat,sneezing,headache,congestion,runny_nose,watery_eyes,cough,,,,,,,,
Common Cold,sneezing,runny_nose,mild_body_aches,sore_throat,headache,watery_eyes,mild_fever,fatigue,congestion,cough,,,,,,,
Common Cold,cough,sneezing,mild_body_aches,congestion,mild_fever,,,,,,,,,,,,
Common Cold,mild_body_aches,sore_throat,congestion,runny_nose,fatigue,mild_fever,cough,headache,watery_eyes,sneezing,,,,,,,
Common Cold,fatigue,cough,mild_fever,runny_nose,,,,,,,,,,,,,
Common Cold,mild_body_aches,sore_throat,congestion,watery_eyes,headache,fatigue,cough,mild_fever,runny_nose,,,,,,,,
Common Cold,runny_nose,mild_fever,sore_throat,cough,sneezing,fatigue,headache,mild_body_aches,watery_eyes,,,,,,,,
Common Cold,fatigue,congestion,runny_nose,watery_eyes,mild_fever,sore_throat,headache,sneezing,cough,,,,,,,,
Common Cold,runny_nose,mild_body_aches,headache,sore_throat,,,,,,,,,,,,,
Common Cold,sneezing,fatigue,watery_eyes,sore_throat,headache,runny_nose,mild_fever,mild_body_aches,,,,,,,,,
Common Cold,sneezing,headache,sore_throat,runny_nose,mild_fever,watery_eyes,cough,fatigue,congestion,,,,,,,,
Common Cold,mild_body_aches,cough,runny_nose,sore_throat,sneezing,headache,,,,,,,,,,,
Common Cold,sneezing,congestion,runny_nose,cough,fatigue,watery_eyes,headache,,,,,,,,,,
Common Cold,mild_body_aches,sneezing,watery_eyes,runny_nose,fatigue,headache,cough,congestion,,,,,,,,,
Common Cold,runny_nose,mild_fever,congestion,sneezing,watery_eyes,headache,cough,fatigue,sore_throat,,,,,,,,
Common Cold,congestion,headache,watery_eyes,cough,sore_throat,mild_body_aches,fatigue,,,,,,,,,,
Common Cold,congestion,watery_eyes,sneezing,mild_fever,fatigue,runny_nose,,,,,,,,,,,
Common Cold,congestion,watery_eyes,cough,headache,mild_body_aches,mild_fever,runny_nose,sore_throat,sneezing,,,,,,,,
Common Cold,runny_nose,mild_fever,sore_throat,cough,,,,,,,,,,,,,
Common Cold,cough,mild_fever,headache,fatigue,sneezing,sore_throat,runny_nose,,,,,,,,,,
Common Cold,headache,mild_fever,congestion,watery_eyes,runny_nose,cough,sore_throat,sneezing,fatigue,,,,,,,,
Common Cold,cough,watery_eyes,mild_body_aches,sore_throat,fatigue,,,,,,,,,,,,
Common Cold,watery_eyes,sneezing,runny_nose,mild_body_aches,cough,congestion,fatigue,,,,,,,,,,
Common Cold,sore_throat,fatigue,runny_nose,sneezing,cough,mild_fever,congestion,headache,watery_eyes,mild_body_aches,,,,,,,
Gastroenteritis,fatigue,headache,abdominal_cramps,loss_of_appetite,dehydration,vomiting,muscle_pain,fever,nausea,diarrhea,,,,,,,
Gastroenteritis,vomiting,muscle_pain,headache,fatigue,nausea,abdominal_cramps,fever,loss_of_appetite,,,,,,,,,
Gastroenteritis,fatigue,diarrhea,dehydration,headache,vomiting,loss_of_appetite,fever,,,,,,,,,,
Gastroenteritis,fatigue,muscle_pain,nausea,vomiting,fever,,,,,,,,,,,,
Gastroenteritis,fever,muscle_pain,nausea,loss_of_appetite,headache,fatigue,dehydration,abdominal_cramps,,,,,,,,,
Gastroenteritis,vomiting,abdominal_cramps,diarrhea,loss_of_appetite,dehydration,,,,,,,,,,,,
Gastroenteritis,dehydration,vomiting,fatigue,muscle_pain,fever,headache,loss_of_appetite,diarrhea,abdominal_cramps,nausea,,,,,,,
Gastroenteritis,abdominal_cramps,diarrhea,fever,loss_of_appetite,dehydration,headache,muscle_pain,,,,,,,,,,
Gastroenteritis,fever,abdominal_cramps,vomiting,muscle_pain,loss_of_appetite,dehydration,headache,fatigue,diarrhea,,,,,,,,
Gastroenteritis,dehydration,muscle_pain,nausea,loss_of_appetite,vomiting,headache,fatigue,,,,,,,,,,
Gastroenteritis,nausea,fever,headache,vomiting,muscle_pain,loss_of_appetite,abdominal_cramps,diarrhea,fatigue,dehydration,,,,,,,
Gastroenteritis,dehydration,loss_of_appetite,fatigue,fever,muscle_pain,nausea,,,,,,,,,,,
Gastroenteritis,nausea,loss_of_appetite,muscle_pain,abdominal_cramps,vomiting,,,,,,,,,,,,
Gastroenteritis,muscle_pain,diarrhea,abdominal_cramps,vomiting,fever,headache,loss_of_appetite,nausea,dehydration,fatigue,,,,,,,
Gastroenteritis,fatigue,dehydration,muscle_pain,abdominal_cramps,diarrhea,,,,,,,,,,,,
Gastroenteritis,diarrhea,abdominal_cramps,dehydration,fatigue,vomiting,nausea,,,,,,,,,,,
Gastroenteritis,dehydration,loss_of_appetite,abdominal_cramps,vomiting,,,,,,,,,,,,,
Gastroenteritis,abdominal_cramps,headache,diarrhea,fever,fatigue,,,,,,,,,,,,
Gastroenteritis,diarrhea,vomiting,nausea,dehydration,headache,muscle_pain,abdominal_cramps,fatigue,fever,loss_of_appetite,,,,,,,
Gastroenteritis,abdominal_cramps,loss_of_appetite,fatigue,diarrhea,,,,,,,,,,,,,
Gastroenteritis,abdominal_cramps,nausea,dehydration,headache,,,,,,,,,,,,,
Gastroenteritis,loss_of_appetite,muscle_pain,fatigue,headache,,,,,,,,,,,,,
Gastroenteritis,loss_of_appetite,nausea,headache,vomiting,,,,,,,,,,,,,
Gastroenteritis,nausea,diarrhea,vomiting,dehydration,abdominal_cramps,headache,fatigue,,,,,,,,,,
Gastroenteritis,abdominal_cramps,fever,dehydration,fatigue,loss_of_appetite,vomiting,nausea,muscle_pain,diarrhea,,,,,,,,
Gastroenteritis,fatigue,headache,fever,diarrhea,nausea,vomiting,,,,,,,,,,,
Gastroenteritis,vomiting,nausea,headache,dehydration,diarrhea,fever,,,,,,,,,,,
Gastroenteritis,vomiting,nausea,diarrhea,dehydration,,,,,,,,,,,,,
Gastroenteritis,fatigue,diarrhea,vomiting,nausea,headache,loss_of_appetite,fever,muscle_pain,,,,,,,,,
Gastroenteritis,nausea,headache,vomiting,muscle_pain,fatigue,loss_of_appetite,fever,dehydration,,,,,,,,,
Urinary Tract Infection,back_pain,frequent_urination,blood_in_urine,pelvic_pain,,,,,,,,,,,,,
Urinary Tract Infection,fatigue,frequent_urination,pelvic_pain,fever,back_pain,cloudy_urine,urgency,blood_in_urine,,,,,,,,,
Urinary Tract Infection,burning_urination,fever,back_pain,blood_in_urine,pelvic_pain,,,,,,,,,,,,
Urinary Tract Infection,fever,blood_in_urine,cloudy_urine,nausea,back_pain,pelvic_pain,burning_urination,,,,,,,,,,
Urinary Tract Infection,back_pain,urgency,fatigue,blood_in_urine,fever,cloudy_urine,burning_urination,pelvic_pain,nausea,,,,,,,,
Urinary Tract Infection,pelvic_pain,blood_in_urine,frequent_urination,burning_urination,cloudy_urine,back_pain,,,,,,,,,,,
Urinary Tract Infection,frequent_urination,back_pain,nausea,fever,urgency,fatigue,burning_urination,cloudy_urine,blood_in_urine,,,,,,,,
Urinary Tract Infection,cloudy_urine,pelvic_pain,fatigue,burning_urination,fever,back_pain,nausea,blood_in_urine,urgency,,,,,,,,
Urinary Tract Infection,fever,cloudy_urine,frequent_urination,pelvic_pain,nausea,burning_urination,blood_in_urine,back_pain,urgency,fatigue,,,,,,,
Urinary Tract Infection,burning_urination,back_pain,nausea,cloudy_urine,frequent_urination,,,,,,,,,,,,
Urinary Tract Infection,fatigue,cloudy_urine,urgency,fever,,,,,,,,,,,,,
Urinary Tract Infection,cloudy_urine,frequent_urination,pelvic_pain,fatigue,burning_urination,back_pain,blood_in_urine,fever,,,,,,,,,
Urinary Tract Infection,urgency,burning_urination,fever,frequent_urination,back_pain,blood_in_urine,cloudy_urine,fatigue,nausea,pelvic_pain,,,,,,,
Urinary Tract Infection,back_pain,blood_in_urine,cloudy_urine,urgency,fever,pelvic_pain,nausea,frequent_urination,burning_urination,,,,,,,,
Urinary Tract Infection,back_pain,urgency,cloudy_urine,pelvic_pain,nausea,blood_in_urine,frequent_urination,burning_urination,fatigue,fever,,,,,,,
Urinary Tract Infection,fever,burning_urination,cloudy_urine,pelvic_pain,nausea,frequent_urination,back_pain,,,,,,,,,,
Urinary Tract Infection,blood_in_urine,cloudy_urine,pelvic_pain,back_pain,nausea,fatigue,burning_urination,urgency,fever,frequent_urination,,,,,,,
Urinary Tract Infection,pelvic_pain,blood_in_urine,fever,back_pain,fatigue,,,,,,,,,,,,
Urinary Tract Infection,fever,burning_urination,back_pain,frequent_urination,cloudy_urine,pelvic_pain,fatigue,urgency,,,,,,,,,
Urinary Tract Infection,nausea,frequent_urination,pelvic_pain,burning_urination,back_pain,blood_in_urine,fatigue,fever,,,,,,,,,
Urinary Tract Infection,pelvic_pain,cloudy_urine,frequent_urination,fatigue,urgency,,,,,,,,,,,,
Urinary Tract Infection,frequent_urination,urgency,cloudy_urine,back_pain,fever,pelvic_pain,nausea,,,,,,,,,,
Urinary Tract Infection,burning_urination,fever,back_pain,frequent_urination,pelvic_pain,cloudy_urine,,,,,,,,,,,
Urinary Tract Infection,urgency,nausea,blood_in_urine,back_pain,cloudy_urine,fatigue,,,,,,,,,,,
Urinary Tract Infection,urgency,pelvic_pain,blood_in_urine,frequent_urination,cloudy_urine,fever,fatigue,burning_urination,,,,,,,,,
Urinary Tract Infection,cloudy_urine,urgency,back_pain,nausea,,,,,,,,,,,,,
Urinary Tract Infection,burning_urination,back_pain,pelvic_pain,nausea,,,,,,,,,,,,,
Urinary Tract Infection,frequent_urination,nausea,fatigue,urgency,back_pain,fever,cloudy_urine,burning_urination,blood_in_urine,,,,,,,,
Urinary Tract Infection,back_pain,pelvic_pain,burning_urination,blood_in_urine,fatigue,frequent_urination,cloudy_urine,nausea,fever,,,,,,,,
Urinary Tract Infection,urgency,fatigue,frequent_urination,back_pain,pelvic_pain,,,,,,,,,,,,
Anemia,irregular_heartbeat,shortness_of_breath,headache,fatigue,cold_hands,chest_pain,weakness,,,,,,,,,,
Anemia,weakness,shortness_of_breath,cold_hands,chest_pain,irregular_heartbeat,pale_skin,headache,concentration_problems,,,,,,,,,
Anemia,chest_pain,weakness,cold_hands,pale_skin,irregular_heartbeat,shortness_of_breath,,,,,,,,,,,
Anemia,irregular_heartbeat,headache,chest_pain,weakness,dizziness,pale_skin,fatigue,cold_hands,,,,,,,,,
Anemia,headache,irregular_heartbeat,cold_hands,chest_pain,shortness_of_breath,pale_skin,fatigue,weakness,dizziness,,,,,,,,
Anemia,headache,shortness_of_breath,pale_skin,dizziness,irregular_heartbeat,cold_hands,,,,,,,,,,,
Anemia,weakness,dizziness,headache,shortness_of_breath,pale_skin,concentration_problems,irregular_heartbeat,,,,,,,,,,
Anemia,cold_hands,concentration_problems,weakness,chest_pain,dizziness,fatigue,irregular_heartbeat,headache,,,,,,,,,
Anemia,dizziness,shortness_of_breath,cold_hands,pale_skin,concentration_problems,,,,,,,,,,,,
Anemia,dizziness,fatigue,cold_hands,chest_pain,headache,pale_skin,irregular_heartbeat,concentration_problems,,,,,,,,,
Anemia,weakness,concentration_problems,dizziness,chest_pain,pale_skin,shortness_of_breath,,,,,,,,,,,
Anemia,chest_pain,dizziness,concentration_problems,cold_hands,pale_skin,shortness_of_breath,irregular_heartbeat,weakness,fatigue,headache,,,,,,,
Anemia,pale_skin,cold_hands,concentration_problems,weakness,,,,,,,,,,,,,
Anemia,pale_skin,weakness,irregular_heartbeat,dizziness,fatigue,cold_hands,headache,chest_pain,shortness_of_breath,,,,,,,,
Anemia,pale_skin,concentration_problems,dizziness,fatigue,chest_pain,headache,cold_hands,irregular_heartbeat,shortness_of_breath,,,,,,,,
Anemia,irregular_heartbeat,weakness,shortness_of_breath,headache,pale_skin,,,,,,,,,,,,
Anemia,headache,shortness_of_breath,fatigue,concentration_problems,dizziness,cold_hands,weakness,pale_skin,,,,,,,,,
Anemia,weakness,pale_skin,headache,concentration_problems,cold_hands,dizziness,irregular_heartbeat,shortness_of_breath,fatigue,,,,,,,,
Anemia,weakness,dizziness,cold_hands,shortness_of_breath,chest_pain,,,,,,,,,,,,
Anemia,dizziness,irregular_heartbeat,fatigue,shortness_of_breath,,,,,,,,,,,,,
Anemia,irregular_heartbeat,fatigue,headache,shortness_of_breath,chest_pain,weakness,concentration_problems,,,,,,,,,,
Anemia,irregular_heartbeat,shortness_of_breath,dizziness,weakness,,,,,,,,,,,,,
Anemia,cold_hands,fatigue,chest_pain,dizziness,shortness_of_breath,irregular_heartbeat,,,,,,,,,,,
Anemia,irregular_heartbeat,concentration_problems,dizziness,pale_skin,headache,chest_pain,weakness,fatigue,cold_hands,shortness_of_breath,,,,,,,
Anemia,dizziness,concentration_problems,irregular_heartbeat,pale_skin,chest_pain,fatigue,cold_hands,headache,weakness,shortness_of_breath,,,,,,,
Anemia,fatigue,concentration_problems,headache,pale_skin,chest_pain,weakness,dizziness,irregular_heartbeat,,,,,,,,,
Anemia,concentration_problems,pale_skin,cold_hands,irregular_heartbeat,chest_pain,dizziness,headache,,,,,,,,,,
Anemia,headache,concentration_problems,fatigue,irregular_heartbeat,weakness,pale_skin,cold_hands,,,,,,,,,,
Anemia,concentration_problems,irregular_heartbeat,shortness_of_breath,weakness,cold_hands,dizziness,chest_pain,fatigue,,,,,,,,,
Anemia,fatigue,irregular_heartbeat,concentration_problems,chest_pain,pale_skin,cold_hands,weakness,headache,shortness_of_breath,,,,,,,,
Arthritis,difficulty_walking,joint_pain,muscle_pain,redness,warmth,swelling,,,,,,,,,,,
Arthritis,stiffness,difficulty_walking,reduced_range_of_motion,fatigue,warmth,swelling,redness,muscle_pain,,,,,,,,,
Arthritis,weakness,joint_pain,swelling,redness,fatigue,muscle_pain,stiffness,,,,,,,,,,
Arthritis,stiffness,weakness,joint_pain,reduced_range_of_motion,fatigue,muscle_pain,warmth,,,,,,,,,,
Arthritis,fatigue,weakness,warmth,reduced_range_of_motion,difficulty_walking,,,,,,,,,,,,
Arthritis,warmth,fatigue,reduced_range_of_motion,swelling,difficulty_walking,,,,,,,,,,,,
Arthritis,reduced_range_of_motion,difficulty_walking,muscle_pain,weakness,stiffness,joint_pain,warmth,,,,,,,,,,
Arthritis,difficulty_walking,fatigue,muscle_pain,weakness,,,,,,,,,,,,,
Arthritis,redness,weakness,difficulty_walking,reduced_range_of_motion,fatigue,,,,,,,,,,,,
Arthritis,muscle_pain,warmth,weakness,stiffness,joint_pain,reduced_range_of_motion,,,,,,,,,,,
Arthritis,swelling,fatigue,weakness,reduced_range_of_motion,warmth,,,,,,,,,,,,
Arthritis,warmth,weakness,swelling,fatigue,difficulty_walking,muscle_pain,stiffness,,,,,,,,,,
Arthritis,warmth,redness,muscle_pain,difficulty_walking,reduced_range_of_motion,fatigue,weakness,joint_pain,swelling,,,,,,,,
Arthritis,stiffness,weakness,muscle_pain,redness,swelling,reduced_range_of_motion,difficulty_walking,fatigue,joint_pain,,,,,,,,
Arthritis,fatigue,swelling,reduced_range_of_motion,muscle_pain,redness,,,,,,,,,,,,
Arthritis,redness,reduced_range_of_motion,stiffness,joint_pain,warmth,difficulty_walking,muscle_pain,swelling,,,,,,,,,
Arthritis,reduced_range_of_motion,joint_pain,swelling,warmth,stiffness,,,,,,,,,,,,
Arthritis,stiffness,difficulty_walking,weakness,fatigue,muscle_pain,reduced_range_of_motion,,,,,,,,,,,
Arthritis,weakness,joint_pain,difficulty_walking,fatigue,stiffness,warmth,reduced_range_of_motion,,,,,,,,,,
Arthritis,difficulty_walking,stiffness,warmth,weakness,swelling,fatigue,redness,,,,,,,,,,
Arthritis,fatigue,stiffness,difficulty_walking,swelling,muscle_pain,weakness,,,,,,,,,,,
Arthritis,fatigue,swelling,warmth,redness,reduced_range_of_motion,muscle_pain,joint_pain,,,,,,,,,,
Arthritis,fatigue,redness,weakness,swelling,reduced_range_of_motion,,,,,,,,,,,,
Arthritis,stiffness,difficulty_walking,warmth,muscle_pain,weakness,redness,,,,,,,,,,,
Arthritis,fatigue,swelling,muscle_pain,redness,,,,,,,,,,,,,
Arthritis,difficulty_walking,stiffness,weakness,warmth,fatigue,swelling,redness,muscle_pain,reduced_range_of_motion,,,,,,,,
Arthritis,weakness,difficulty_walking,muscle_pain,joint_pain,,,,,,,,,,,,,
Arthritis,swelling,reduced_range_of_motion,stiffness,difficulty_walking,joint_pain,warmth,,,,,,,,,,,
Arthritis,swelling,muscle_pain,joint_pain,redness,difficulty_walking,weakness,warmth,reduced_range_of_motion,,,,,,,,,
Arthritis,swelling,muscle_pain,stiffness,weakness,warmth,reduced_range_of_motion,,,,,,,,,,,
Psoriasis,thickened_nails,burning,scaling,itching,swollen_joints,dry_skin,red_patches,soreness,joint_pain,,,,,,,,
Psoriasis,scaling,red_patches,joint_pain,dry_skin,,,,,,,,,,,,,
Psoriasis,burning,thickened_nails,cracked_skin,soreness,scaling,joint_pain,dry_skin,,,,,,,,,,
Psoriasis,soreness,dry_skin,thickened_nails,scaling,joint_pain,burning,itching,,,,,,,,,,
Psoriasis,thickened_nails,cracked_skin,soreness,itching,dry_skin,red_patches,joint_pain,burning,swollen_joints,,,,,,,,
Psoriasis,soreness,red_patches,joint_pain,cracked_skin,scaling,itching,swollen_joints,burning,thickened_nails,dry_skin,,,,,,,
Psoriasis,scaling,soreness,red_patches,burning,,,,,,,,,,,,,
Psoriasis,burning,thickened_nails,red_patches,joint_pain,itching,cracked_skin,soreness,swollen_joints,scaling,dry_skin,,,,,,,
Psoriasis,joint_pain,dry_skin,burning,thickened_nails,scaling,soreness,,,,,,,,,,,
Psoriasis,cracked_skin,soreness,red_patches,burning,itching,scaling,dry_skin,thickened_nails,joint_pain,swollen_joints,,,,,,,
Psoriasis,joint_pain,dry_skin,soreness,cracked_skin,red_patches,swollen_joints,scaling,,,,,,,,,,
Psoriasis,soreness,thickened_nails,joint_pain,red_patches,itching,cracked_skin,scaling,burning,,,,,,,,,
Psoriasis,thickened_nails,burning,joint_pain,itching,red_patches,dry_skin,soreness,,,,,,,,,,
Psoriasis,joint_pain,red_patches,itching,dry_skin,swollen_joints,scaling,burning,,,,,,,,,,
Psoriasis,cracked_skin,itching,soreness,thickened_nails,swollen_joints,scaling,red_patches,joint_pain,dry_skin,,,,,,,,
Psoriasis,swollen_joints,scaling,dry_skin,itching,soreness,cracked_skin,thickened_nails,red_patches,,,,,,,,,
Psoriasis,thickened_nails,dry_skin,itching,burning,joint_pain,red_patches,swollen_joints,scaling,,,,,,,,,
Psoriasis,red_patches,scaling,dry_skin,soreness,joint_pain,thickened_nails,,,,,,,,,,,
Psoriasis,burning,soreness,red_patches,cracked_skin,joint_pain,itching,,,,,,,,,,,
Psoriasis,red_patches,itching,burning,dry_skin,,,,,,,,,,,,,
Psoriasis,scaling,itching,cracked_skin,burning,joint_pain,swollen_joints,red_patches,dry_skin,,,,,,,,,
Psoriasis,burning,thickened_nails,cracked_skin,red_patches,,,,,,,,,,,,,
Psoriasis,itching,scaling,burning,swollen_joints,soreness,dry_skin,red_patches,cracked_skin,joint_pain,thickened_nails,,,,,,,
Psoriasis,joint_pain,cracked_skin,soreness,thickened_nails,swollen_joints,dry_skin,itching,scaling,burning,,,,,,,,
Psoriasis,red_patches,itching,thickened_nails,scaling,,,,,,,,,,,,,
Psoriasis,thickened_nails,itching,dry_skin,burning,,,,,,,,,,,,,
Psoriasis,joint_pain,burning,red_patches,itching,dry_skin,,,,,,,,,,,,
Psoriasis,thickened_nails,joint_pain,dry_skin,soreness,,,,,,,,,,,,,
Psoriasis,itching,red_patches,swollen_joints,joint_pain,thickened_nails,,,,,,,,,,,,
Psoriasis,thickened_nails,soreness,itching,swollen_joints,red_patches,burning,dry_skin,,,,,,,,,,
